{
    "type": "FeatureCollection",
    "features": [
        {
            "geometry": {
                "type": "Polygon",
                "coordinates": [
                    [
                        [
                            140.3681870736452,
                            -34.07263537267241
                        ],
                        [
                            140.4371683571168,
                            -34.932690841318895
                        ],
                        [
                            141.4881546712963,
                            -34.87221686728545
                        ],
                        [
                            141.4106396690369,
                            -34.012769998502456
                        ],
                        [
                            140.3681870736452,
                            -34.07263537267241
                        ]
                    ]
                ]
            },
            "type": "Feature",
            "properties": {
                "region_code": "x36y17",
                "ix": 36,
                "iy": 17,
                "utc_offset": 9
            }
        },
        {
            "geometry": {
                "type": "Polygon",
                "coordinates": [
                    [
                        [
                            140.30032303364905,
                            -33.21409052325039
                        ],
                        [
                            140.3681870736452,
                            -34.07263537267241
                        ],
                        [
                            141.4106396690369,
                            -34.012769998502456
                        ],
                        [
                            141.3343787095295,
                            -33.15480732527341
                        ],
                        [
                            140.30032303364905,
                            -33.21409052325039
                        ]
                    ]
                ]
            },
            "type": "Feature",
            "properties": {
                "region_code": "x36y18",
                "ix": 36,
                "iy": 18,
                "utc_offset": 9
            }
        },
        {
            "geometry": {
                "type": "Polygon",
                "coordinates": [
                    [
                        [
                            140.2335493496936,
                            -32.35682142837042
                        ],
                        [
                            140.30032303364905,
                            -33.21409052325039
                        ],
                        [
                            141.3343787095295,
                            -33.15480732527341
                        ],
                        [
                            141.2593416580389,
                            -32.29809527278485
                        ],
                        [
                            140.2335493496936,
                            -32.35682142837042
                        ]
                    ]
                ]
            },
            "type": "Feature",
            "properties": {
                "region_code": "x36y19",
                "ix": 36,
                "iy": 19,
                "utc_offset": 9
            }
        },
        {
            "geometry": {
                "type": "Polygon",
                "coordinates": [
                    [
                        [
                            140.16783998906297,
                            -31.500602292341632
                        ],
                        [
                            140.2335493496936,
                            -32.35682142837042
                        ],
                        [
                            141.2593416580389,
                            -32.29809527278485
                        ],
                        [
                            141.18549933601165,
                            -31.442409231246693
                        ],
                        [
                            140.16783998906297,
                            -31.500602292341632
                        ]
                    ]
                ]
            },
            "type": "Feature",
            "properties": {
                "region_code": "x36y20",
                "ix": 36,
                "iy": 20,
                "utc_offset": 9
            }
        },
        {
            "geometry": {
                "type": "Polygon",
                "coordinates": [
                    [
                        [
                            140.10316974011056,
                            -30.64521550351506
                        ],
                        [
                            140.16783998906297,
                            -31.500602292341632
                        ],
                        [
                            141.18549933601165,
                            -31.442409231246693
                        ],
                        [
                            141.11282348351463,
                            -30.587532680525072
                        ],
                        [
                            140.10316974011056,
                            -30.64521550351506
                        ]
                    ]
                ]
            },
            "type": "Feature",
            "properties": {
                "region_code": "x36y21",
                "ix": 36,
                "iy": 21,
                "utc_offset": 9
            }
        },
        {
            "geometry": {
                "type": "Polygon",
                "coordinates": [
                    [
                        [
                            140.03951418018463,
                            -29.79045082566357
                        ],
                        [
                            140.10316974011056,
                            -30.64521550351506
                        ],
                        [
                            141.11282348351463,
                            -30.587532680525072
                        ],
                        [
                            141.04128672342736,
                            -29.733256389988178
                        ],
                        [
                            140.03951418018463,
                            -29.79045082566357
                        ]
                    ]
                ]
            },
            "type": "Feature",
            "properties": {
                "region_code": "x36y22",
                "ix": 36,
                "iy": 22,
                "utc_offset": 9
            }
        },
        {
            "geometry": {
                "type": "Polygon",
                "coordinates": [
                    [
                        [
                            139.97684964504396,
                            -28.936104656356815
                        ],
                        [
                            140.03951418018463,
                            -29.79045082566357
                        ],
                        [
                            141.04128672342736,
                            -29.733256389988178
                        ],
                        [
                            140.97086252729343,
                            -28.879377684375907
                        ],
                        [
                            139.97684964504396,
                            -28.936104656356815
                        ]
                    ]
                ]
            },
            "type": "Feature",
            "properties": {
                "region_code": "x36y23",
                "ix": 36,
                "iy": 23,
                "utc_offset": 9
            }
        },
        {
            "geometry": {
                "type": "Polygon",
                "coordinates": [
                    [
                        [
                            141.4106396690369,
                            -34.012769998502456
                        ],
                        [
                            141.4881546712963,
                            -34.87221686728545
                        ],
                        [
                            142.53785598516248,
                            -34.804679951268255
                        ],
                        [
                            142.4518383875551,
                            -33.94591062928939
                        ],
                        [
                            141.4106396690369,
                            -34.012769998502456
                        ]
                    ]
                ]
            },
            "type": "Feature",
            "properties": {
                "region_code": "x37y17",
                "ix": 37,
                "iy": 17,
                "utc_offset": 9
            }
        },
        {
            "geometry": {
                "type": "Polygon",
                "coordinates": [
                    [
                        [
                            141.3343787095295,
                            -33.15480732527341
                        ],
                        [
                            141.4106396690369,
                            -34.012769998502456
                        ],
                        [
                            142.4518383875551,
                            -33.94591062928939
                        ],
                        [
                            142.36721063670527,
                            -33.08859612324633
                        ],
                        [
                            141.3343787095295,
                            -33.15480732527341
                        ]
                    ]
                ]
            },
            "type": "Feature",
            "properties": {
                "region_code": "x37y18",
                "ix": 37,
                "iy": 18,
                "utc_offset": 9
            }
        },
        {
            "geometry": {
                "type": "Polygon",
                "coordinates": [
                    [
                        [
                            141.2593416580389,
                            -32.29809527278485
                        ],
                        [
                            141.3343787095295,
                            -33.15480732527341
                        ],
                        [
                            142.36721063670527,
                            -33.08859612324633
                        ],
                        [
                            142.28393938997547,
                            -32.23250428743679
                        ],
                        [
                            141.2593416580389,
                            -32.29809527278485
                        ]
                    ]
                ]
            },
            "type": "Feature",
            "properties": {
                "region_code": "x37y19",
                "ix": 37,
                "iy": 19,
                "utc_offset": 9
            }
        },
        {
            "geometry": {
                "type": "Polygon",
                "coordinates": [
                    [
                        [
                            141.18549933601165,
                            -31.442409231246693
                        ],
                        [
                            141.2593416580389,
                            -32.29809527278485
                        ],
                        [
                            142.28393938997547,
                            -32.23250428743679
                        ],
                        [
                            142.20199236051945,
                            -31.37741182619745
                        ],
                        [
                            141.18549933601165,
                            -31.442409231246693
                        ]
                    ]
                ]
            },
            "type": "Feature",
            "properties": {
                "region_code": "x37y20",
                "ix": 37,
                "iy": 20,
                "utc_offset": 9
            }
        },
        {
            "geometry": {
                "type": "Polygon",
                "coordinates": [
                    [
                        [
                            141.11282348351463,
                            -30.587532680525072
                        ],
                        [
                            141.18549933601165,
                            -31.442409231246693
                        ],
                        [
                            142.20199236051945,
                            -31.37741182619745
                        ],
                        [
                            142.12133827590944,
                            -30.523103429103852
                        ],
                        [
                            141.11282348351463,
                            -30.587532680525072
                        ]
                    ]
                ]
            },
            "type": "Feature",
            "properties": {
                "region_code": "x37y21",
                "ix": 37,
                "iy": 21,
                "utc_offset": 9
            }
        },
        {
            "geometry": {
                "type": "Polygon",
                "coordinates": [
                    [
                        [
                            141.04128672342736,
                            -29.733256389988178
                        ],
                        [
                            141.11282348351463,
                            -30.587532680525072
                        ],
                        [
                            142.12133827590944,
                            -30.523103429103852
                        ],
                        [
                            142.04194683868977,
                            -29.669370980153865
                        ],
                        [
                            141.04128672342736,
                            -29.733256389988178
                        ]
                    ]
                ]
            },
            "type": "Feature",
            "properties": {
                "region_code": "x37y22",
                "ix": 37,
                "iy": 22,
                "utc_offset": 9
            }
        },
        {
            "geometry": {
                "type": "Polygon",
                "coordinates": [
                    [
                        [
                            140.97086252729343,
                            -28.879377684375907
                        ],
                        [
                            141.04128672342736,
                            -29.733256389988178
                        ],
                        [
                            142.04194683868977,
                            -29.669370980153865
                        ],
                        [
                            141.96378868875328,
                            -28.816012831906107
                        ],
                        [
                            140.97086252729343,
                            -28.879377684375907
                        ]
                    ]
                ]
            },
            "type": "Feature",
            "properties": {
                "region_code": "x37y23",
                "ix": 37,
                "iy": 23,
                "utc_offset": 9
            }
        },
        {
            "geometry": {
                "type": "Polygon",
                "coordinates": [
                    [
                        [
                            142.53785598516248,
                            -34.804679951268255
                        ],
                        [
                            142.62529787136526,
                            -35.66514603409448
                        ],
                        [
                            143.68218121959336,
                            -35.589783511618016
                        ],
                        [
                            143.58613320116396,
                            -34.73009704471815
                        ],
                        [
                            142.53785598516248,
                            -34.804679951268255
                        ]
                    ]
                ]
            },
            "type": "Feature",
            "properties": {
                "region_code": "x38y16",
                "ix": 38,
                "iy": 16,
                "utc_offset": 10
            }
        },
        {
            "geometry": {
                "type": "Polygon",
                "coordinates": [
                    [
                        [
                            142.4518383875551,
                            -33.94591062928939
                        ],
                        [
                            142.53785598516248,
                            -34.804679951268255
                        ],
                        [
                            143.58613320116396,
                            -34.73009704471815
                        ],
                        [
                            143.49164744245607,
                            -33.872073349477354
                        ],
                        [
                            142.4518383875551,
                            -33.94591062928939
                        ]
                    ]
                ]
            },
            "type": "Feature",
            "properties": {
                "region_code": "x38y17",
                "ix": 38,
                "iy": 17,
                "utc_offset": 10
            }
        },
        {
            "geometry": {
                "type": "Polygon",
                "coordinates": [
                    [
                        [
                            142.36721063670527,
                            -33.08859612324633
                        ],
                        [
                            142.4518383875551,
                            -33.94591062928939
                        ],
                        [
                            143.49164744245607,
                            -33.872073349477354
                        ],
                        [
                            143.39868623566963,
                            -33.01547218398821
                        ],
                        [
                            142.36721063670527,
                            -33.08859612324633
                        ]
                    ]
                ]
            },
            "type": "Feature",
            "properties": {
                "region_code": "x38y18",
                "ix": 38,
                "iy": 18,
                "utc_offset": 10
            }
        },
        {
            "geometry": {
                "type": "Polygon",
                "coordinates": [
                    [
                        [
                            142.28393938997547,
                            -32.23250428743679
                        ],
                        [
                            142.36721063670527,
                            -33.08859612324633
                        ],
                        [
                            143.39868623566963,
                            -33.01547218398821
                        ],
                        [
                            143.30721307365457,
                            -32.16006296689069
                        ],
                        [
                            142.28393938997547,
                            -32.23250428743679
                        ]
                    ]
                ]
            },
            "type": "Feature",
            "properties": {
                "region_code": "x38y19",
                "ix": 38,
                "iy": 19,
                "utc_offset": 10
            }
        },
        {
            "geometry": {
                "type": "Polygon",
                "coordinates": [
                    [
                        [
                            142.20199236051945,
                            -31.37741182619745
                        ],
                        [
                            142.28393938997547,
                            -32.23250428743679
                        ],
                        [
                            143.30721307365457,
                            -32.16006296689069
                        ],
                        [
                            143.21719260262603,
                            -31.305623841249247
                        ],
                        [
                            142.20199236051945,
                            -31.37741182619745
                        ]
                    ]
                ]
            },
            "type": "Feature",
            "properties": {
                "region_code": "x38y20",
                "ix": 38,
                "iy": 20,
                "utc_offset": 10
            }
        },
        {
            "geometry": {
                "type": "Polygon",
                "coordinates": [
                    [
                        [
                            142.12133827590944,
                            -30.523103429103852
                        ],
                        [
                            142.20199236051945,
                            -31.37741182619745
                        ],
                        [
                            143.21719260262603,
                            -31.305623841249247
                        ],
                        [
                            143.12859057709068,
                            -30.45194082125862
                        ],
                        [
                            142.12133827590944,
                            -30.523103429103852
                        ]
                    ]
                ]
            },
            "type": "Feature",
            "properties": {
                "region_code": "x38y21",
                "ix": 38,
                "iy": 21,
                "utc_offset": 10
            }
        },
        {
            "geometry": {
                "type": "Polygon",
                "coordinates": [
                    [
                        [
                            142.04194683868977,
                            -29.669370980153865
                        ],
                        [
                            142.12133827590944,
                            -30.523103429103852
                        ],
                        [
                            143.12859057709068,
                            -30.45194082125862
                        ],
                        [
                            143.04137381686536,
                            -29.598807011597735
                        ],
                        [
                            142.04194683868977,
                            -29.669370980153865
                        ]
                    ]
                ]
            },
            "type": "Feature",
            "properties": {
                "region_code": "x38y22",
                "ix": 38,
                "iy": 22,
                "utc_offset": 10
            }
        },
        {
            "geometry": {
                "type": "Polygon",
                "coordinates": [
                    [
                        [
                            141.96378868875328,
                            -28.816012831906107
                        ],
                        [
                            142.04194683868977,
                            -29.669370980153865
                        ],
                        [
                            143.04137381686536,
                            -29.598807011597735
                        ],
                        [
                            142.95551016607513,
                            -28.746021890577367
                        ],
                        [
                            141.96378868875328,
                            -28.816012831906107
                        ]
                    ]
                ]
            },
            "type": "Feature",
            "properties": {
                "region_code": "x38y23",
                "ix": 38,
                "iy": 23,
                "utc_offset": 10
            }
        },
        {
            "geometry": {
                "type": "Polygon",
                "coordinates": [
                    [
                        [
                            143.68218121959336,
                            -35.589783511618016
                        ],
                        [
                            143.77983045581777,
                            -36.45138368333508
                        ],
                        [
                            144.84382002673482,
                            -36.36803490788275
                        ],
                        [
                            144.73746356701557,
                            -35.507323472556806
                        ],
                        [
                            143.68218121959336,
                            -35.589783511618016
                        ]
                    ]
                ]
            },
            "type": "Feature",
            "properties": {
                "region_code": "x39y15",
                "ix": 39,
                "iy": 15,
                "utc_offset": 10
            }
        },
        {
            "geometry": {
                "type": "Polygon",
                "coordinates": [
                    [
                        [
                            143.58613320116396,
                            -34.73009704471815
                        ],
                        [
                            143.68218121959336,
                            -35.589783511618016
                        ],
                        [
                            144.73746356701557,
                            -35.507323472556806
                        ],
                        [
                            144.63284836575417,
                            -34.64848674704607
                        ],
                        [
                            143.58613320116396,
                            -34.73009704471815
                        ]
                    ]
                ]
            },
            "type": "Feature",
            "properties": {
                "region_code": "x39y16",
                "ix": 39,
                "iy": 16,
                "utc_offset": 10
            }
        },
        {
            "geometry": {
                "type": "Polygon",
                "coordinates": [
                    [
                        [
                            143.49164744245607,
                            -33.872073349477354
                        ],
                        [
                            143.58613320116396,
                            -34.73009704471815
                        ],
                        [
                            144.63284836575417,
                            -34.64848674704607
                        ],
                        [
                            144.52993214547902,
                            -33.79127580914206
                        ],
                        [
                            143.49164744245607,
                            -33.872073349477354
                        ]
                    ]
                ]
            },
            "type": "Feature",
            "properties": {
                "region_code": "x39y17",
                "ix": 39,
                "iy": 17,
                "utc_offset": 10
            }
        },
        {
            "geometry": {
                "type": "Polygon",
                "coordinates": [
                    [
                        [
                            143.39868623566963,
                            -33.01547218398821
                        ],
                        [
                            143.49164744245607,
                            -33.872073349477354
                        ],
                        [
                            144.52993214547902,
                            -33.79127580914206
                        ],
                        [
                            144.42867398202876,
                            -32.93545226203817
                        ],
                        [
                            143.39868623566963,
                            -33.01547218398821
                        ]
                    ]
                ]
            },
            "type": "Feature",
            "properties": {
                "region_code": "x39y18",
                "ix": 39,
                "iy": 18,
                "utc_offset": 10
            }
        },
        {
            "geometry": {
                "type": "Polygon",
                "coordinates": [
                    [
                        [
                            143.30721307365457,
                            -32.16006296689069
                        ],
                        [
                            143.39868623566963,
                            -33.01547218398821
                        ],
                        [
                            144.42867398202876,
                            -32.93545226203817
                        ],
                        [
                            144.32903425100437,
                            -32.08078721959484
                        ],
                        [
                            143.30721307365457,
                            -32.16006296689069
                        ]
                    ]
                ]
            },
            "type": "Feature",
            "properties": {
                "region_code": "x39y19",
                "ix": 39,
                "iy": 19,
                "utc_offset": 10
            }
        },
        {
            "geometry": {
                "type": "Polygon",
                "coordinates": [
                    [
                        [
                            143.21719260262603,
                            -31.305623841249247
                        ],
                        [
                            143.30721307365457,
                            -32.16006296689069
                        ],
                        [
                            144.32903425100437,
                            -32.08078721959484
                        ],
                        [
                            144.2309745767361,
                            -31.227060384268835
                        ],
                        [
                            143.21719260262603,
                            -31.305623841249247
                        ]
                    ]
                ]
            },
            "type": "Feature",
            "properties": {
                "region_code": "x39y20",
                "ix": 39,
                "iy": 20,
                "utc_offset": 10
            }
        },
        {
            "geometry": {
                "type": "Polygon",
                "coordinates": [
                    [
                        [
                            143.12859057709068,
                            -30.45194082125862
                        ],
                        [
                            143.21719260262603,
                            -31.305623841249247
                        ],
                        [
                            144.2309745767361,
                            -31.227060384268835
                        ],
                        [
                            144.13445778362797,
                            -30.374059206215684
                        ],
                        [
                            143.12859057709068,
                            -30.45194082125862
                        ]
                    ]
                ]
            },
            "type": "Feature",
            "properties": {
                "region_code": "x39y21",
                "ix": 39,
                "iy": 21,
                "utc_offset": 10
            }
        },
        {
            "geometry": {
                "type": "Polygon",
                "coordinates": [
                    [
                        [
                            143.04137381686536,
                            -29.598807011597735
                        ],
                        [
                            143.12859057709068,
                            -30.45194082125862
                        ],
                        [
                            144.13445778362797,
                            -30.374059206215684
                        ],
                        [
                            144.03944784975346,
                            -29.52157811360523
                        ],
                        [
                            143.04137381686536,
                            -29.598807011597735
                        ]
                    ]
                ]
            },
            "type": "Feature",
            "properties": {
                "region_code": "x39y22",
                "ix": 39,
                "iy": 22,
                "utc_offset": 10
            }
        },
        {
            "geometry": {
                "type": "Polygon",
                "coordinates": [
                    [
                        [
                            142.95551016607513,
                            -28.746021890577367
                        ],
                        [
                            143.04137381686536,
                            -29.598807011597735
                        ],
                        [
                            144.03944784975346,
                            -29.52157811360523
                        ],
                        [
                            143.9459098625806,
                            -28.669417805481554
                        ],
                        [
                            142.95551016607513,
                            -28.746021890577367
                        ]
                    ]
                ]
            },
            "type": "Feature",
            "properties": {
                "region_code": "x39y23",
                "ix": 39,
                "iy": 23,
                "utc_offset": 10
            }
        },
        {
            "geometry": {
                "type": "Polygon",
                "coordinates": [
                    [
                        [
                            144.73746356701557,
                            -35.507323472556806
                        ],
                        [
                            144.84382002673482,
                            -36.36803490788275
                        ],
                        [
                            145.9060248968785,
                            -36.27753780238047
                        ],
                        [
                            145.7910048908214,
                            -35.41778721701523
                        ],
                        [
                            144.73746356701557,
                            -35.507323472556806
                        ]
                    ]
                ]
            },
            "type": "Feature",
            "properties": {
                "region_code": "x40y15",
                "ix": 40,
                "iy": 15,
                "utc_offset": 10
            }
        },
        {
            "geometry": {
                "type": "Polygon",
                "coordinates": [
                    [
                        [
                            144.63284836575417,
                            -34.64848674704607
                        ],
                        [
                            144.73746356701557,
                            -35.507323472556806
                        ],
                        [
                            145.7910048908214,
                            -35.41778721701523
                        ],
                        [
                            145.67786477483602,
                            -34.55986926607031
                        ],
                        [
                            144.63284836575417,
                            -34.64848674704607
                        ]
                    ]
                ]
            },
            "type": "Feature",
            "properties": {
                "region_code": "x40y16",
                "ix": 40,
                "iy": 16,
                "utc_offset": 10
            }
        },
        {
            "geometry": {
                "type": "Polygon",
                "coordinates": [
                    [
                        [
                            144.52993214547902,
                            -33.79127580914206
                        ],
                        [
                            144.63284836575417,
                            -34.64848674704607
                        ],
                        [
                            145.67786477483602,
                            -34.55986926607031
                        ],
                        [
                            145.56655900823438,
                            -33.70353718698817
                        ],
                        [
                            144.52993214547902,
                            -33.79127580914206
                        ]
                    ]
                ]
            },
            "type": "Feature",
            "properties": {
                "region_code": "x40y17",
                "ix": 40,
                "iy": 17,
                "utc_offset": 10
            }
        },
        {
            "geometry": {
                "type": "Polygon",
                "coordinates": [
                    [
                        [
                            144.42867398202876,
                            -32.93545226203817
                        ],
                        [
                            144.52993214547902,
                            -33.79127580914206
                        ],
                        [
                            145.56655900823438,
                            -33.70353718698817
                        ],
                        [
                            145.45704350401743,
                            -32.848554564982784
                        ],
                        [
                            144.42867398202876,
                            -32.93545226203817
                        ]
                    ]
                ]
            },
            "type": "Feature",
            "properties": {
                "region_code": "x40y18",
                "ix": 40,
                "iy": 18,
                "utc_offset": 10
            }
        },
        {
            "geometry": {
                "type": "Polygon",
                "coordinates": [
                    [
                        [
                            144.32903425100437,
                            -32.08078721959484
                        ],
                        [
                            144.42867398202876,
                            -32.93545226203817
                        ],
                        [
                            145.45704350401743,
                            -32.848554564982784
                        ],
                        [
                            145.349275571548,
                            -31.994694335340554
                        ],
                        [
                            144.32903425100437,
                            -32.08078721959484
                        ]
                    ]
                ]
            },
            "type": "Feature",
            "properties": {
                "region_code": "x40y19",
                "ix": 40,
                "iy": 19,
                "utc_offset": 10
            }
        },
        {
            "geometry": {
                "type": "Polygon",
                "coordinates": [
                    [
                        [
                            144.2309745767361,
                            -31.227060384268835
                        ],
                        [
                            144.32903425100437,
                            -32.08078721959484
                        ],
                        [
                            145.349275571548,
                            -31.994694335340554
                        ],
                        [
                            145.243213861905,
                            -31.141737876347474
                        ],
                        [
                            144.2309745767361,
                            -31.227060384268835
                        ]
                    ]
                ]
            },
            "type": "Feature",
            "properties": {
                "region_code": "x40y20",
                "ix": 40,
                "iy": 20,
                "utc_offset": 10
            }
        },
        {
            "geometry": {
                "type": "Polygon",
                "coordinates": [
                    [
                        [
                            144.13445778362797,
                            -30.374059206215684
                        ],
                        [
                            144.2309745767361,
                            -31.227060384268835
                        ],
                        [
                            145.243213861905,
                            -31.141737876347474
                        ],
                        [
                            145.13881831577476,
                            -30.289474181627437
                        ],
                        [
                            144.13445778362797,
                            -30.374059206215684
                        ]
                    ]
                ]
            },
            "type": "Feature",
            "properties": {
                "region_code": "x40y21",
                "ix": 40,
                "iy": 21,
                "utc_offset": 10
            }
        },
        {
            "geometry": {
                "type": "Polygon",
                "coordinates": [
                    [
                        [
                            144.03944784975346,
                            -29.52157811360523
                        ],
                        [
                            144.13445778362797,
                            -30.374059206215684
                        ],
                        [
                            145.13881831577476,
                            -30.289474181627437
                        ],
                        [
                            145.036050113743,
                            -29.43769910216507
                        ],
                        [
                            144.03944784975346,
                            -29.52157811360523
                        ]
                    ]
                ]
            },
            "type": "Feature",
            "properties": {
                "region_code": "x40y22",
                "ix": 40,
                "iy": 22,
                "utc_offset": 10
            }
        },
        {
            "geometry": {
                "type": "Polygon",
                "coordinates": [
                    [
                        [
                            143.9459098625806,
                            -28.669417805481554
                        ],
                        [
                            144.03944784975346,
                            -29.52157811360523
                        ],
                        [
                            145.036050113743,
                            -29.43769910216507
                        ],
                        [
                            144.93487162886038,
                            -28.58621464954329
                        ],
                        [
                            143.9459098625806,
                            -28.669417805481554
                        ]
                    ]
                ]
            },
            "type": "Feature",
            "properties": {
                "region_code": "x40y23",
                "ix": 40,
                "iy": 23,
                "utc_offset": 10
            }
        },
        {
            "geometry": {
                "type": "Polygon",
                "coordinates": [
                    [
                        [
                            145.7910048908214,
                            -35.41778721701523
                        ],
                        [
                            145.9060248968785,
                            -36.27753780238047
                        ],
                        [
                            146.96630308515842,
                            -36.17991656116865
                        ],
                        [
                            146.84266657678083,
                            -35.321197692148914
                        ],
                        [
                            145.7910048908214,
                            -35.41778721701523
                        ]
                    ]
                ]
            },
            "type": "Feature",
            "properties": {
                "region_code": "x41y15",
                "ix": 41,
                "iy": 15,
                "utc_offset": 10
            }
        },
        {
            "geometry": {
                "type": "Polygon",
                "coordinates": [
                    [
                        [
                            145.67786477483602,
                            -34.55986926607031
                        ],
                        [
                            145.7910048908214,
                            -35.41778721701523
                        ],
                        [
                            146.84266657678083,
                            -35.321197692148914
                        ],
                        [
                            146.7210470767369,
                            -34.46426637532765
                        ],
                        [
                            145.67786477483602,
                            -34.55986926607031
                        ]
                    ]
                ]
            },
            "type": "Feature",
            "properties": {
                "region_code": "x41y16",
                "ix": 41,
                "iy": 16,
                "utc_offset": 10
            }
        },
        {
            "geometry": {
                "type": "Polygon",
                "coordinates": [
                    [
                        [
                            145.56655900823438,
                            -33.70353718698817
                        ],
                        [
                            145.67786477483602,
                            -34.55986926607031
                        ],
                        [
                            146.7210470767369,
                            -34.46426637532765
                        ],
                        [
                            146.60139584125758,
                            -33.60887815039307
                        ],
                        [
                            145.56655900823438,
                            -33.70353718698817
                        ]
                    ]
                ]
            },
            "type": "Feature",
            "properties": {
                "region_code": "x41y17",
                "ix": 41,
                "iy": 17,
                "utc_offset": 10
            }
        },
        {
            "geometry": {
                "type": "Polygon",
                "coordinates": [
                    [
                        [
                            145.45704350401743,
                            -32.848554564982784
                        ],
                        [
                            145.56655900823438,
                            -33.70353718698817
                        ],
                        [
                            146.60139584125758,
                            -33.60887815039307
                        ],
                        [
                            146.48366567780758,
                            -32.754798715998234
                        ],
                        [
                            145.45704350401743,
                            -32.848554564982784
                        ]
                    ]
                ]
            },
            "type": "Feature",
            "properties": {
                "region_code": "x41y18",
                "ix": 41,
                "iy": 18,
                "utc_offset": 10
            }
        },
        {
            "geometry": {
                "type": "Polygon",
                "coordinates": [
                    [
                        [
                            145.349275571548,
                            -31.994694335340554
                        ],
                        [
                            145.45704350401743,
                            -32.848554564982784
                        ],
                        [
                            146.48366567780758,
                            -32.754798715998234
                        ],
                        [
                            146.36781088413304,
                            -31.901802950092428
                        ],
                        [
                            145.349275571548,
                            -31.994694335340554
                        ]
                    ]
                ]
            },
            "type": "Feature",
            "properties": {
                "region_code": "x41y19",
                "ix": 41,
                "iy": 19,
                "utc_offset": 10
            }
        },
        {
            "geometry": {
                "type": "Polygon",
                "coordinates": [
                    [
                        [
                            145.243213861905,
                            -31.141737876347474
                        ],
                        [
                            145.349275571548,
                            -31.994694335340554
                        ],
                        [
                            146.36781088413304,
                            -31.901802950092428
                        ],
                        [
                            146.25378719014796,
                            -31.049674018729323
                        ],
                        [
                            145.243213861905,
                            -31.141737876347474
                        ]
                    ]
                ]
            },
            "type": "Feature",
            "properties": {
                "region_code": "x41y20",
                "ix": 41,
                "iy": 20,
                "utc_offset": 10
            }
        },
        {
            "geometry": {
                "type": "Polygon",
                "coordinates": [
                    [
                        [
                            145.13881831577476,
                            -30.289474181627437
                        ],
                        [
                            145.243213861905,
                            -31.141737876347474
                        ],
                        [
                            146.25378719014796,
                            -31.049674018729323
                        ],
                        [
                            146.14155170250743,
                            -30.19820256242633
                        ],
                        [
                            145.13881831577476,
                            -30.289474181627437
                        ]
                    ]
                ]
            },
            "type": "Feature",
            "properties": {
                "region_code": "x41y21",
                "ix": 41,
                "iy": 21,
                "utc_offset": 10
            }
        },
        {
            "geometry": {
                "type": "Polygon",
                "coordinates": [
                    [
                        [
                            145.036050113743,
                            -29.43769910216507
                        ],
                        [
                            145.13881831577476,
                            -30.289474181627437
                        ],
                        [
                            146.14155170250743,
                            -30.19820256242633
                        ],
                        [
                            146.03106285172407,
                            -29.347185950593975
                        ],
                        [
                            145.036050113743,
                            -29.43769910216507
                        ]
                    ]
                ]
            },
            "type": "Feature",
            "properties": {
                "region_code": "x41y22",
                "ix": 41,
                "iy": 22,
                "utc_offset": 10
            }
        },
        {
            "geometry": {
                "type": "Polygon",
                "coordinates": [
                    [
                        [
                            144.93487162886038,
                            -28.58621464954329
                        ],
                        [
                            145.036050113743,
                            -29.43769910216507
                        ],
                        [
                            146.03106285172407,
                            -29.347185950593975
                        ],
                        [
                            145.92228034169338,
                            -28.496427595774133
                        ],
                        [
                            144.93487162886038,
                            -28.58621464954329
                        ]
                    ]
                ]
            },
            "type": "Feature",
            "properties": {
                "region_code": "x41y23",
                "ix": 41,
                "iy": 23,
                "utc_offset": 10
            }
        },
        {
            "geometry": {
                "type": "Polygon",
                "coordinates": [
                    [
                        [
                            146.96630308515842,
                            -36.17991656116865
                        ],
                        [
                            147.09200696082615,
                            -37.04067868244596
                        ],
                        [
                            148.1589229575784,
                            -36.934807257044675
                        ],
                        [
                            148.02451418644083,
                            -36.07519705928925
                        ],
                        [
                            146.96630308515842,
                            -36.17991656116865
                        ]
                    ]
                ]
            },
            "type": "Feature",
            "properties": {
                "region_code": "x42y14",
                "ix": 42,
                "iy": 14,
                "utc_offset": 10
            }
        },
        {
            "geometry": {
                "type": "Polygon",
                "coordinates": [
                    [
                        [
                            146.84266657678083,
                            -35.321197692148914
                        ],
                        [
                            146.96630308515842,
                            -36.17991656116865
                        ],
                        [
                            148.02451418644083,
                            -36.07519705928925
                        ],
                        [
                            147.89231152351638,
                            -35.21757944332213
                        ],
                        [
                            146.84266657678083,
                            -35.321197692148914
                        ]
                    ]
                ]
            },
            "type": "Feature",
            "properties": {
                "region_code": "x42y15",
                "ix": 42,
                "iy": 15,
                "utc_offset": 10
            }
        },
        {
            "geometry": {
                "type": "Polygon",
                "coordinates": [
                    [
                        [
                            146.7210470767369,
                            -34.46426637532765
                        ],
                        [
                            146.84266657678083,
                            -35.321197692148914
                        ],
                        [
                            147.89231152351638,
                            -35.21757944332213
                        ],
                        [
                            147.76226137252883,
                            -34.3617013684068
                        ],
                        [
                            146.7210470767369,
                            -34.46426637532765
                        ]
                    ]
                ]
            },
            "type": "Feature",
            "properties": {
                "region_code": "x42y16",
                "ix": 42,
                "iy": 16,
                "utc_offset": 10
            }
        },
        {
            "geometry": {
                "type": "Polygon",
                "coordinates": [
                    [
                        [
                            146.60139584125758,
                            -33.60887815039307
                        ],
                        [
                            146.7210470767369,
                            -34.46426637532765
                        ],
                        [
                            147.76226137252883,
                            -34.3617013684068
                        ],
                        [
                            147.63431185055288,
                            -33.50732081264161
                        ],
                        [
                            146.60139584125758,
                            -33.60887815039307
                        ]
                    ]
                ]
            },
            "type": "Feature",
            "properties": {
                "region_code": "x42y17",
                "ix": 42,
                "iy": 17,
                "utc_offset": 10
            }
        },
        {
            "geometry": {
                "type": "Polygon",
                "coordinates": [
                    [
                        [
                            146.48366567780758,
                            -32.754798715998234
                        ],
                        [
                            146.60139584125758,
                            -33.60887815039307
                        ],
                        [
                            147.63431185055288,
                            -33.50732081264161
                        ],
                        [
                            147.50841272044238,
                            -32.654205713738946
                        ],
                        [
                            146.48366567780758,
                            -32.754798715998234
                        ]
                    ]
                ]
            },
            "type": "Feature",
            "properties": {
                "region_code": "x42y18",
                "ix": 42,
                "iy": 18,
                "utc_offset": 10
            }
        },
        {
            "geometry": {
                "type": "Polygon",
                "coordinates": [
                    [
                        [
                            146.36781088413304,
                            -31.901802950092428
                        ],
                        [
                            146.48366567780758,
                            -32.754798715998234
                        ],
                        [
                            147.50841272044238,
                            -32.654205713738946
                        ],
                        [
                            147.38451532641483,
                            -31.802133008308097
                        ],
                        [
                            146.36781088413304,
                            -31.901802950092428
                        ]
                    ]
                ]
            },
            "type": "Feature",
            "properties": {
                "region_code": "x42y19",
                "ix": 42,
                "iy": 19,
                "utc_offset": 10
            }
        },
        {
            "geometry": {
                "type": "Polygon",
                "coordinates": [
                    [
                        [
                            146.25378719014796,
                            -31.049674018729323
                        ],
                        [
                            146.36781088413304,
                            -31.901802950092428
                        ],
                        [
                            147.38451532641483,
                            -31.802133008308097
                        ],
                        [
                            147.26257253262239,
                            -30.95088775736168
                        ],
                        [
                            146.25378719014796,
                            -31.049674018729323
                        ]
                    ]
                ]
            },
            "type": "Feature",
            "properties": {
                "region_code": "x42y20",
                "ix": 42,
                "iy": 20,
                "utc_offset": 10
            }
        },
        {
            "geometry": {
                "type": "Polygon",
                "coordinates": [
                    [
                        [
                            146.14155170250743,
                            -30.19820256242633
                        ],
                        [
                            146.25378719014796,
                            -31.049674018729323
                        ],
                        [
                            147.26257253262239,
                            -30.95088775736168
                        ],
                        [
                            147.14253866455005,
                            -30.100262347424756
                        ],
                        [
                            146.14155170250743,
                            -30.19820256242633
                        ]
                    ]
                ]
            },
            "type": "Feature",
            "properties": {
                "region_code": "x42y21",
                "ix": 42,
                "iy": 21,
                "utc_offset": 10
            }
        },
        {
            "geometry": {
                "type": "Polygon",
                "coordinates": [
                    [
                        [
                            146.03106285172407,
                            -29.347185950593975
                        ],
                        [
                            146.14155170250743,
                            -30.19820256242633
                        ],
                        [
                            147.14253866455005,
                            -30.100262347424756
                        ],
                        [
                            147.02436945309083,
                            -29.250055758021084
                        ],
                        [
                            146.03106285172407,
                            -29.347185950593975
                        ]
                    ]
                ]
            },
            "type": "Feature",
            "properties": {
                "region_code": "x42y22",
                "ix": 42,
                "iy": 22,
                "utc_offset": 10
            }
        },
        {
            "geometry": {
                "type": "Polygon",
                "coordinates": [
                    [
                        [
                            145.92228034169338,
                            -28.496427595774133
                        ],
                        [
                            146.03106285172407,
                            -29.347185950593975
                        ],
                        [
                            147.02436945309083,
                            -29.250055758021084
                        ],
                        [
                            146.9080219811576,
                            -28.400072887492442
                        ],
                        [
                            145.92228034169338,
                            -28.496427595774133
                        ]
                    ]
                ]
            },
            "type": "Feature",
            "properties": {
                "region_code": "x42y23",
                "ix": 42,
                "iy": 23,
                "utc_offset": 10
            }
        },
        {
            "geometry": {
                "type": "Polygon",
                "coordinates": [
                    [
                        [
                            148.1589229575784,
                            -36.934807257044675
                        ],
                        [
                            148.29559321746544,
                            -37.796675268137356
                        ],
                        [
                            149.369037784593,
                            -37.68238221309259
                        ],
                        [
                            149.22357777526068,
                            -36.8217939557617
                        ],
                        [
                            148.1589229575784,
                            -36.934807257044675
                        ]
                    ]
                ]
            },
            "type": "Feature",
            "properties": {
                "region_code": "x43y13",
                "ix": 43,
                "iy": 13,
                "utc_offset": 10
            }
        },
        {
            "geometry": {
                "type": "Polygon",
                "coordinates": [
                    [
                        [
                            148.02451418644083,
                            -36.07519705928925
                        ],
                        [
                            148.1589229575784,
                            -36.934807257044675
                        ],
                        [
                            149.22357777526068,
                            -36.8217939557617
                        ],
                        [
                            149.0805194767887,
                            -35.963406797007266
                        ],
                        [
                            148.02451418644083,
                            -36.07519705928925
                        ]
                    ]
                ]
            },
            "type": "Feature",
            "properties": {
                "region_code": "x43y14",
                "ix": 43,
                "iy": 14,
                "utc_offset": 10
            }
        },
        {
            "geometry": {
                "type": "Polygon",
                "coordinates": [
                    [
                        [
                            147.89231152351638,
                            -35.21757944332213
                        ],
                        [
                            148.02451418644083,
                            -36.07519705928925
                        ],
                        [
                            149.0805194767887,
                            -35.963406797007266
                        ],
                        [
                            148.9398042437809,
                            -35.10695856229071
                        ],
                        [
                            147.89231152351638,
                            -35.21757944332213
                        ]
                    ]
                ]
            },
            "type": "Feature",
            "properties": {
                "region_code": "x43y15",
                "ix": 43,
                "iy": 15,
                "utc_offset": 10
            }
        },
        {
            "geometry": {
                "type": "Polygon",
                "coordinates": [
                    [
                        [
                            147.76226137252883,
                            -34.3617013684068
                        ],
                        [
                            147.89231152351638,
                            -35.21757944332213
                        ],
                        [
                            148.9398042437809,
                            -35.10695856229071
                        ],
                        [
                            148.8013753135181,
                            -34.25219901047283
                        ],
                        [
                            147.76226137252883,
                            -34.3617013684068
                        ]
                    ]
                ]
            },
            "type": "Feature",
            "properties": {
                "region_code": "x43y16",
                "ix": 43,
                "iy": 16,
                "utc_offset": 10
            }
        },
        {
            "geometry": {
                "type": "Polygon",
                "coordinates": [
                    [
                        [
                            147.63431185055288,
                            -33.50732081264161
                        ],
                        [
                            147.76226137252883,
                            -34.3617013684068
                        ],
                        [
                            148.8013753135181,
                            -34.25219901047283
                        ],
                        [
                            148.6651777314604,
                            -33.398888687503884
                        ],
                        [
                            147.63431185055288,
                            -33.50732081264161
                        ]
                    ]
                ]
            },
            "type": "Feature",
            "properties": {
                "region_code": "x43y17",
                "ix": 43,
                "iy": 17,
                "utc_offset": 10
            }
        },
        {
            "geometry": {
                "type": "Polygon",
                "coordinates": [
                    [
                        [
                            147.50841272044238,
                            -32.654205713738946
                        ],
                        [
                            147.63431185055288,
                            -33.50732081264161
                        ],
                        [
                            148.6651777314604,
                            -33.398888687503884
                        ],
                        [
                            148.53115828023817,
                            -32.54679788971113
                        ],
                        [
                            147.50841272044238,
                            -32.654205713738946
                        ]
                    ]
                ]
            },
            "type": "Feature",
            "properties": {
                "region_code": "x43y18",
                "ix": 43,
                "iy": 18,
                "utc_offset": 10
            }
        },
        {
            "geometry": {
                "type": "Polygon",
                "coordinates": [
                    [
                        [
                            147.38451532641483,
                            -31.802133008308097
                        ],
                        [
                            147.50841272044238,
                            -32.654205713738946
                        ],
                        [
                            148.53115828023817,
                            -32.54679788971113
                        ],
                        [
                            148.39926541194265,
                            -31.695705722874727
                        ],
                        [
                            147.38451532641483,
                            -31.802133008308097
                        ]
                    ]
                ]
            },
            "type": "Feature",
            "properties": {
                "region_code": "x43y19",
                "ix": 43,
                "iy": 19,
                "utc_offset": 10
            }
        },
        {
            "geometry": {
                "type": "Polygon",
                "coordinates": [
                    [
                        [
                            147.26257253262239,
                            -30.95088775736168
                        ],
                        [
                            147.38451532641483,
                            -31.802133008308097
                        ],
                        [
                            148.39926541194265,
                            -31.695705722874727
                        ],
                        [
                            148.26944918354104,
                            -30.845399245183962
                        ],
                        [
                            147.26257253262239,
                            -30.95088775736168
                        ]
                    ]
                ]
            },
            "type": "Feature",
            "properties": {
                "region_code": "x43y20",
                "ix": 43,
                "iy": 20,
                "utc_offset": 10
            }
        },
        {
            "geometry": {
                "type": "Polygon",
                "coordinates": [
                    [
                        [
                            147.14253866455005,
                            -30.100262347424756
                        ],
                        [
                            147.26257253262239,
                            -30.95088775736168
                        ],
                        [
                            148.26944918354104,
                            -30.845399245183962
                        ],
                        [
                            148.14166119524944,
                            -29.995672683766106
                        ],
                        [
                            147.14253866455005,
                            -30.100262347424756
                        ]
                    ]
                ]
            },
            "type": "Feature",
            "properties": {
                "region_code": "x43y21",
                "ix": 43,
                "iy": 21,
                "utc_offset": 10
            }
        },
        {
            "geometry": {
                "type": "Polygon",
                "coordinates": [
                    [
                        [
                            147.02436945309083,
                            -29.250055758021084
                        ],
                        [
                            147.14253866455005,
                            -30.100262347424756
                        ],
                        [
                            148.14166119524944,
                            -29.995672683766106
                        ],
                        [
                            148.0158545317076,
                            -29.14632671582871
                        ],
                        [
                            147.02436945309083,
                            -29.250055758021084
                        ]
                    ]
                ]
            },
            "type": "Feature",
            "properties": {
                "region_code": "x43y22",
                "ix": 43,
                "iy": 22,
                "utc_offset": 10
            }
        },
        {
            "geometry": {
                "type": "Polygon",
                "coordinates": [
                    [
                        [
                            146.9080219811576,
                            -28.400072887492442
                        ],
                        [
                            147.02436945309083,
                            -29.250055758021084
                        ],
                        [
                            148.0158545317076,
                            -29.14632671582871
                        ],
                        [
                            147.89198370580945,
                            -28.297167806597148
                        ],
                        [
                            146.9080219811576,
                            -28.400072887492442
                        ]
                    ]
                ]
            },
            "type": "Feature",
            "properties": {
                "region_code": "x43y23",
                "ix": 43,
                "iy": 23,
                "utc_offset": 10
            }
        },
        {
            "geometry": {
                "type": "Polygon",
                "coordinates": [
                    [
                        [
                            149.22357777526068,
                            -36.8217939557617
                        ],
                        [
                            149.369037784593,
                            -37.68238221309259
                        ],
                        [
                            150.4400203749782,
                            -37.56090535002307
                        ],
                        [
                            150.28583120878477,
                            -36.70166942253931
                        ],
                        [
                            149.22357777526068,
                            -36.8217939557617
                        ]
                    ]
                ]
            },
            "type": "Feature",
            "properties": {
                "region_code": "x44y13",
                "ix": 44,
                "iy": 13,
                "utc_offset": 10
            }
        },
        {
            "geometry": {
                "type": "Polygon",
                "coordinates": [
                    [
                        [
                            149.0805194767887,
                            -35.963406797007266
                        ],
                        [
                            149.22357777526068,
                            -36.8217939557617
                        ],
                        [
                            150.28583120878477,
                            -36.70166942253931
                        ],
                        [
                            150.13418201534955,
                            -35.844574841392486
                        ],
                        [
                            149.0805194767887,
                            -35.963406797007266
                        ]
                    ]
                ]
            },
            "type": "Feature",
            "properties": {
                "region_code": "x44y14",
                "ix": 44,
                "iy": 14,
                "utc_offset": 10
            }
        },
        {
            "geometry": {
                "type": "Polygon",
                "coordinates": [
                    [
                        [
                            148.9398042437809,
                            -35.10695856229071
                        ],
                        [
                            149.0805194767887,
                            -35.963406797007266
                        ],
                        [
                            150.13418201534955,
                            -35.844574841392486
                        ],
                        [
                            149.9850109625669,
                            -34.989362632603125
                        ],
                        [
                            148.9398042437809,
                            -35.10695856229071
                        ]
                    ]
                ]
            },
            "type": "Feature",
            "properties": {
                "region_code": "x44y15",
                "ix": 44,
                "iy": 15,
                "utc_offset": 10
            }
        },
        {
            "geometry": {
                "type": "Polygon",
                "coordinates": [
                    [
                        [
                            148.8013753135181,
                            -34.25219901047283
                        ],
                        [
                            148.9398042437809,
                            -35.10695856229071
                        ],
                        [
                            149.9850109625669,
                            -34.989362632603125
                        ],
                        [
                            149.83825819573886,
                            -34.135785487155935
                        ],
                        [
                            148.8013753135181,
                            -34.25219901047283
                        ]
                    ]
                ]
            },
            "type": "Feature",
            "properties": {
                "region_code": "x44y16",
                "ix": 44,
                "iy": 16,
                "utc_offset": 10
            }
        },
        {
            "geometry": {
                "type": "Polygon",
                "coordinates": [
                    [
                        [
                            148.6651777314604,
                            -33.398888687503884
                        ],
                        [
                            148.8013753135181,
                            -34.25219901047283
                        ],
                        [
                            149.83825819573886,
                            -34.135785487155935
                        ],
                        [
                            149.69386575968932,
                            -33.28360664131508
                        ],
                        [
                            148.6651777314604,
                            -33.398888687503884
                        ]
                    ]
                ]
            },
            "type": "Feature",
            "properties": {
                "region_code": "x44y17",
                "ix": 44,
                "iy": 17,
                "utc_offset": 10
            }
        },
        {
            "geometry": {
                "type": "Polygon",
                "coordinates": [
                    [
                        [
                            148.53115828023817,
                            -32.54679788971113
                        ],
                        [
                            148.6651777314604,
                            -33.398888687503884
                        ],
                        [
                            149.69386575968932,
                            -33.28360664131508
                        ],
                        [
                            149.55177752450442,
                            -32.43259886327506
                        ],
                        [
                            148.53115828023817,
                            -32.54679788971113
                        ]
                    ]
                ]
            },
            "type": "Feature",
            "properties": {
                "region_code": "x44y18",
                "ix": 44,
                "iy": 18,
                "utc_offset": 10
            }
        },
        {
            "geometry": {
                "type": "Polygon",
                "coordinates": [
                    [
                        [
                            148.39926541194265,
                            -31.695705722874727
                        ],
                        [
                            148.53115828023817,
                            -32.54679788971113
                        ],
                        [
                            149.55177752450442,
                            -32.43259886327506
                        ],
                        [
                            149.41193911470683,
                            -31.582543532792563
                        ],
                        [
                            148.39926541194265,
                            -31.695705722874727
                        ]
                    ]
                ]
            },
            "type": "Feature",
            "properties": {
                "region_code": "x44y19",
                "ix": 44,
                "iy": 19,
                "utc_offset": 10
            }
        },
        {
            "geometry": {
                "type": "Polygon",
                "coordinates": [
                    [
                        [
                            148.26944918354104,
                            -30.845399245183962
                        ],
                        [
                            148.39926541194265,
                            -31.695705722874727
                        ],
                        [
                            149.41193911470683,
                            -31.582543532792563
                        ],
                        [
                            149.27429784167998,
                            -30.733229802274174
                        ],
                        [
                            148.26944918354104,
                            -30.845399245183962
                        ]
                    ]
                ]
            },
            "type": "Feature",
            "properties": {
                "region_code": "x44y20",
                "ix": 44,
                "iy": 20,
                "utc_offset": 10
            }
        },
        {
            "geometry": {
                "type": "Polygon",
                "coordinates": [
                    [
                        [
                            148.14166119524944,
                            -29.995672683766106
                        ],
                        [
                            148.26944918354104,
                            -30.845399245183962
                        ],
                        [
                            149.27429784167998,
                            -30.733229802274174
                        ],
                        [
                            149.13880263917156,
                            -29.88445382933604
                        ],
                        [
                            148.14166119524944,
                            -29.995672683766106
                        ]
                    ]
                ]
            },
            "type": "Feature",
            "properties": {
                "region_code": "x44y21",
                "ix": 44,
                "iy": 21,
                "utc_offset": 10
            }
        },
        {
            "geometry": {
                "type": "Polygon",
                "coordinates": [
                    [
                        [
                            148.0158545317076,
                            -29.14632671582871
                        ],
                        [
                            148.14166119524944,
                            -29.995672683766106
                        ],
                        [
                            149.13880263917156,
                            -29.88445382933604
                        ],
                        [
                            149.0054040017147,
                            -29.036018072149304
                        ],
                        [
                            148.0158545317076,
                            -29.14632671582871
                        ]
                    ]
                ]
            },
            "type": "Feature",
            "properties": {
                "region_code": "x44y22",
                "ix": 44,
                "iy": 22,
                "utc_offset": 10
            }
        },
        {
            "geometry": {
                "type": "Polygon",
                "coordinates": [
                    [
                        [
                            147.89198370580945,
                            -28.297167806597148
                        ],
                        [
                            148.0158545317076,
                            -29.14632671582871
                        ],
                        [
                            149.0054040017147,
                            -29.036018072149304
                        ],
                        [
                            148.87405392581508,
                            -28.187730639986462
                        ],
                        [
                            147.89198370580945,
                            -28.297167806597148
                        ]
                    ]
                ]
            },
            "type": "Feature",
            "properties": {
                "region_code": "x44y23",
                "ix": 44,
                "iy": 23,
                "utc_offset": 10
            }
        },
        {
            "geometry": {
                "type": "Polygon",
                "coordinates": [
                    [
                        [
                            150.13418201534955,
                            -35.844574841392486
                        ],
                        [
                            150.28583120878477,
                            -36.70166942253931
                        ],
                        [
                            151.34554501262613,
                            -36.57446588162615
                        ],
                        [
                            151.18536674271945,
                            -35.71873176518136
                        ],
                        [
                            150.13418201534955,
                            -35.844574841392486
                        ]
                    ]
                ]
            },
            "type": "Feature",
            "properties": {
                "region_code": "x45y14",
                "ix": 45,
                "iy": 14,
                "utc_offset": 10
            }
        },
        {
            "geometry": {
                "type": "Polygon",
                "coordinates": [
                    [
                        [
                            149.9850109625669,
                            -34.989362632603125
                        ],
                        [
                            150.13418201534955,
                            -35.844574841392486
                        ],
                        [
                            151.18536674271945,
                            -35.71873176518136
                        ],
                        [
                            151.0277997118844,
                            -34.86482067241976
                        ],
                        [
                            149.9850109625669,
                            -34.989362632603125
                        ]
                    ]
                ]
            },
            "type": "Feature",
            "properties": {
                "region_code": "x45y15",
                "ix": 45,
                "iy": 15,
                "utc_offset": 10
            }
        },
        {
            "geometry": {
                "type": "Polygon",
                "coordinates": [
                    [
                        [
                            149.83825819573886,
                            -34.135785487155935
                        ],
                        [
                            149.9850109625669,
                            -34.989362632603125
                        ],
                        [
                            151.0277997118844,
                            -34.86482067241976
                        ],
                        [
                            150.87278105129633,
                            -34.01248835098754
                        ],
                        [
                            149.83825819573886,
                            -34.135785487155935
                        ]
                    ]
                ]
            },
            "type": "Feature",
            "properties": {
                "region_code": "x45y16",
                "ix": 45,
                "iy": 16,
                "utc_offset": 10
            }
        },
        {
            "geometry": {
                "type": "Polygon",
                "coordinates": [
                    [
                        [
                            149.69386575968932,
                            -33.28360664131508
                        ],
                        [
                            149.83825819573886,
                            -34.135785487155935
                        ],
                        [
                            150.87278105129633,
                            -34.01248835098754
                        ],
                        [
                            150.72024987936936,
                            -33.16150084272217
                        ],
                        [
                            149.69386575968932,
                            -33.28360664131508
                        ]
                    ]
                ]
            },
            "type": "Feature",
            "properties": {
                "region_code": "x45y17",
                "ix": 45,
                "iy": 17,
                "utc_offset": 10
            }
        },
        {
            "geometry": {
                "type": "Polygon",
                "coordinates": [
                    [
                        [
                            149.55177752450442,
                            -32.43259886327506
                        ],
                        [
                            149.69386575968932,
                            -33.28360664131508
                        ],
                        [
                            150.72024987936936,
                            -33.16150084272217
                        ],
                        [
                            150.5701472244414,
                            -32.31163349442733
                        ],
                        [
                            149.55177752450442,
                            -32.43259886327506
                        ]
                    ]
                ]
            },
            "type": "Feature",
            "properties": {
                "region_code": "x45y18",
                "ix": 45,
                "iy": 18,
                "utc_offset": 10
            }
        },
        {
            "geometry": {
                "type": "Polygon",
                "coordinates": [
                    [
                        [
                            149.41193911470683,
                            -31.582543532792563
                        ],
                        [
                            149.55177752450442,
                            -32.43259886327506
                        ],
                        [
                            150.5701472244414,
                            -32.31163349442733
                        ],
                        [
                            150.42241595101336,
                            -31.462670058743324
                        ],
                        [
                            149.41193911470683,
                            -31.582543532792563
                        ]
                    ]
                ]
            },
            "type": "Feature",
            "properties": {
                "region_code": "x45y19",
                "ix": 45,
                "iy": 19,
                "utc_offset": 10
            }
        },
        {
            "geometry": {
                "type": "Polygon",
                "coordinates": [
                    [
                        [
                            149.27429784167998,
                            -30.733229802274174
                        ],
                        [
                            149.41193911470683,
                            -31.582543532792563
                        ],
                        [
                            150.42241595101336,
                            -31.462670058743324
                        ],
                        [
                            150.27700068935457,
                            -30.61440187397853
                        ],
                        [
                            149.27429784167998,
                            -30.733229802274174
                        ]
                    ]
                ]
            },
            "type": "Feature",
            "properties": {
                "region_code": "x45y20",
                "ix": 45,
                "iy": 20,
                "utc_offset": 10
            }
        },
        {
            "geometry": {
                "type": "Polygon",
                "coordinates": [
                    [
                        [
                            149.13880263917156,
                            -29.88445382933604
                        ],
                        [
                            149.27429784167998,
                            -30.733229802274174
                        ],
                        [
                            150.27700068935457,
                            -30.61440187397853
                        ],
                        [
                            150.13384776829795,
                            -29.766627113249307
                        ],
                        [
                            149.13880263917156,
                            -29.88445382933604
                        ]
                    ]
                ]
            },
            "type": "Feature",
            "properties": {
                "region_code": "x45y21",
                "ix": 45,
                "iy": 21,
                "utc_offset": 10
            }
        },
        {
            "geometry": {
                "type": "Polygon",
                "coordinates": [
                    [
                        [
                            149.0054040017147,
                            -29.036018072149304
                        ],
                        [
                            149.13880263917156,
                            -29.88445382933604
                        ],
                        [
                            150.13384776829795,
                            -29.766627113249307
                        ],
                        [
                            149.99290515105926,
                            -28.919150094523147
                        ],
                        [
                            149.0054040017147,
                            -29.036018072149304
                        ]
                    ]
                ]
            },
            "type": "Feature",
            "properties": {
                "region_code": "x45y22",
                "ix": 45,
                "iy": 22,
                "utc_offset": 10
            }
        },
        {
            "geometry": {
                "type": "Polygon",
                "coordinates": [
                    [
                        [
                            148.87405392581508,
                            -28.187730639986462
                        ],
                        [
                            149.0054040017147,
                            -29.036018072149304
                        ],
                        [
                            149.99290515105926,
                            -28.919150094523147
                        ],
                        [
                            149.85412237392336,
                            -28.07178064421817
                        ],
                        [
                            148.87405392581508,
                            -28.187730639986462
                        ]
                    ]
                ]
            },
            "type": "Feature",
            "properties": {
                "region_code": "x45y23",
                "ix": 45,
                "iy": 23,
                "utc_offset": 10
            }
        },
        {
            "geometry": {
                "type": "Polygon",
                "coordinates": [
                    [
                        [
                            150.87278105129633,
                            -34.01248835098754
                        ],
                        [
                            151.0277997118844,
                            -34.86482067241976
                        ],
                        [
                            152.06804042205715,
                            -34.733363074953914
                        ],
                        [
                            151.9048167364147,
                            -33.88233646556849
                        ],
                        [
                            150.87278105129633,
                            -34.01248835098754
                        ]
                    ]
                ]
            },
            "type": "Feature",
            "properties": {
                "region_code": "x46y16",
                "ix": 46,
                "iy": 16,
                "utc_offset": 10
            }
        },
        {
            "geometry": {
                "type": "Polygon",
                "coordinates": [
                    [
                        [
                            150.72024987936936,
                            -33.16150084272217
                        ],
                        [
                            150.87278105129633,
                            -34.01248835098754
                        ],
                        [
                            151.9048167364147,
                            -33.88233646556849
                        ],
                        [
                            151.7442057879841,
                            -33.03259871026674
                        ],
                        [
                            150.72024987936936,
                            -33.16150084272217
                        ]
                    ]
                ]
            },
            "type": "Feature",
            "properties": {
                "region_code": "x46y17",
                "ix": 46,
                "iy": 17,
                "utc_offset": 10
            }
        },
        {
            "geometry": {
                "type": "Polygon",
                "coordinates": [
                    [
                        [
                            150.5701472244414,
                            -32.31163349442733
                        ],
                        [
                            150.72024987936936,
                            -33.16150084272217
                        ],
                        [
                            151.7442057879841,
                            -33.03259871026674
                        ],
                        [
                            151.58614583708462,
                            -32.18392783451645
                        ],
                        [
                            150.5701472244414,
                            -32.31163349442733
                        ]
                    ]
                ]
            },
            "type": "Feature",
            "properties": {
                "region_code": "x46y18",
                "ix": 46,
                "iy": 18,
                "utc_offset": 10
            }
        },
        {
            "geometry": {
                "type": "Polygon",
                "coordinates": [
                    [
                        [
                            150.42241595101336,
                            -31.462670058743324
                        ],
                        [
                            150.5701472244414,
                            -32.31163349442733
                        ],
                        [
                            151.58614583708462,
                            -32.18392783451645
                        ],
                        [
                            151.4305770585607,
                            -31.336110056684237
                        ],
                        [
                            150.42241595101336,
                            -31.462670058743324
                        ]
                    ]
                ]
            },
            "type": "Feature",
            "properties": {
                "region_code": "x46y19",
                "ix": 46,
                "iy": 19,
                "utc_offset": 10
            }
        },
        {
            "geometry": {
                "type": "Polygon",
                "coordinates": [
                    [
                        [
                            150.27700068935457,
                            -30.61440187397853
                        ],
                        [
                            150.42241595101336,
                            -31.462670058743324
                        ],
                        [
                            151.4305770585607,
                            -31.336110056684237
                        ],
                        [
                            151.27744146874448,
                            -30.48893898715266
                        ],
                        [
                            150.27700068935457,
                            -30.61440187397853
                        ]
                    ]
                ]
            },
            "type": "Feature",
            "properties": {
                "region_code": "x46y20",
                "ix": 46,
                "iy": 20,
                "utc_offset": 10
            }
        },
        {
            "geometry": {
                "type": "Polygon",
                "coordinates": [
                    [
                        [
                            150.13384776829795,
                            -29.766627113249307
                        ],
                        [
                            150.27700068935457,
                            -30.61440187397853
                        ],
                        [
                            151.27744146874448,
                            -30.48893898715266
                        ],
                        [
                            151.12668285570916,
                            -29.642214894528742
                        ],
                        [
                            150.13384776829795,
                            -29.766627113249307
                        ]
                    ]
                ]
            },
            "type": "Feature",
            "properties": {
                "region_code": "x46y21",
                "ix": 46,
                "iy": 21,
                "utc_offset": 10
            }
        },
        {
            "geometry": {
                "type": "Polygon",
                "coordinates": [
                    [
                        [
                            149.99290515105926,
                            -28.919150094523147
                        ],
                        [
                            150.13384776829795,
                            -29.766627113249307
                        ],
                        [
                            151.12668285570916,
                            -29.642214894528742
                        ],
                        [
                            150.97824671264198,
                            -28.795744030825
                        ],
                        [
                            149.99290515105926,
                            -28.919150094523147
                        ]
                    ]
                ]
            },
            "type": "Feature",
            "properties": {
                "region_code": "x46y22",
                "ix": 46,
                "iy": 22,
                "utc_offset": 10
            }
        },
        {
            "geometry": {
                "type": "Polygon",
                "coordinates": [
                    [
                        [
                            149.85412237392336,
                            -28.07178064421817
                        ],
                        [
                            149.99290515105926,
                            -28.919150094523147
                        ],
                        [
                            150.97824671264198,
                            -28.795744030825
                        ],
                        [
                            150.83208017417738,
                            -27.949338008509795
                        ],
                        [
                            149.85412237392336,
                            -28.07178064421817
                        ]
                    ]
                ]
            },
            "type": "Feature",
            "properties": {
                "region_code": "x46y23",
                "ix": 46,
                "iy": 23,
                "utc_offset": 10
            }
        },
        {
            "geometry": {
                "type": "Polygon",
                "coordinates": [
                    [
                        [
                            151.58614583708462,
                            -32.18392783451645
                        ],
                        [
                            151.7442057879841,
                            -33.03259871026674
                        ],
                        [
                            152.76561101805885,
                            -32.89692885797757
                        ],
                        [
                            152.59965358417563,
                            -32.04950907505067
                        ],
                        [
                            151.58614583708462,
                            -32.18392783451645
                        ]
                    ]
                ]
            },
            "type": "Feature",
            "properties": {
                "region_code": "x47y18",
                "ix": 47,
                "iy": 18,
                "utc_offset": 10
            }
        },
        {
            "geometry": {
                "type": "Polygon",
                "coordinates": [
                    [
                        [
                            151.4305770585607,
                            -31.336110056684237
                        ],
                        [
                            151.58614583708462,
                            -32.18392783451645
                        ],
                        [
                            152.59965358417563,
                            -32.04950907505067
                        ],
                        [
                            152.43630527260376,
                            -31.202889369611984
                        ],
                        [
                            151.4305770585607,
                            -31.336110056684237
                        ]
                    ]
                ]
            },
            "type": "Feature",
            "properties": {
                "region_code": "x47y19",
                "ix": 47,
                "iy": 19,
                "utc_offset": 10
            }
        },
        {
            "geometry": {
                "type": "Polygon",
                "coordinates": [
                    [
                        [
                            151.27744146874448,
                            -30.48893898715266
                        ],
                        [
                            151.4305770585607,
                            -31.336110056684237
                        ],
                        [
                            152.43630527260376,
                            -31.202889369611984
                        ],
                        [
                            152.27550555545702,
                            -30.356865704647152
                        ],
                        [
                            151.27744146874448,
                            -30.48893898715266
                        ]
                    ]
                ]
            },
            "type": "Feature",
            "properties": {
                "region_code": "x47y20",
                "ix": 47,
                "iy": 20,
                "utc_offset": 10
            }
        },
        {
            "geometry": {
                "type": "Polygon",
                "coordinates": [
                    [
                        [
                            151.12668285570916,
                            -29.642214894528742
                        ],
                        [
                            151.27744146874448,
                            -30.48893898715266
                        ],
                        [
                            152.27550555545702,
                            -30.356865704647152
                        ],
                        [
                            152.11719574664878,
                            -29.51124051909844
                        ],
                        [
                            151.12668285570916,
                            -29.642214894528742
                        ]
                    ]
                ]
            },
            "type": "Feature",
            "properties": {
                "region_code": "x47y21",
                "ix": 47,
                "iy": 21,
                "utc_offset": 10
            }
        },
        {
            "geometry": {
                "type": "Polygon",
                "coordinates": [
                    [
                        [
                            150.97824671264198,
                            -28.795744030825
                        ],
                        [
                            151.12668285570916,
                            -29.642214894528742
                        ],
                        [
                            152.11719574664878,
                            -29.51124051909844
                        ],
                        [
                            151.96131893297962,
                            -28.665822068570467
                        ],
                        [
                            150.97824671264198,
                            -28.795744030825
                        ]
                    ]
                ]
            },
            "type": "Feature",
            "properties": {
                "region_code": "x47y22",
                "ix": 47,
                "iy": 22,
                "utc_offset": 10
            }
        },
        {
            "geometry": {
                "type": "Polygon",
                "coordinates": [
                    [
                        [
                            150.83208017417738,
                            -27.949338008509795
                        ],
                        [
                            150.97824671264198,
                            -28.795744030825
                        ],
                        [
                            151.96131893297962,
                            -28.665822068570467
                        ],
                        [
                            151.80781990826785,
                            -27.820423816180686
                        ],
                        [
                            150.83208017417738,
                            -27.949338008509795
                        ]
                    ]
                ]
            },
            "type": "Feature",
            "properties": {
                "region_code": "x47y23",
                "ix": 47,
                "iy": 23,
                "utc_offset": 10
            }
        },
        {
            "geometry": {
                "type": "Polygon",
                "coordinates": [
                    [
                        [
                            152.43630527260376,
                            -31.202889369611984
                        ],
                        [
                            152.59965358417563,
                            -32.04950907505067
                        ],
                        [
                            153.61055252784794,
                            -31.908405494758235
                        ],
                        [
                            153.43948519909935,
                            -31.063034877643737
                        ],
                        [
                            152.43630527260376,
                            -31.202889369611984
                        ]
                    ]
                ]
            },
            "type": "Feature",
            "properties": {
                "region_code": "x48y19",
                "ix": 48,
                "iy": 19,
                "utc_offset": 10
            }
        },
        {
            "geometry": {
                "type": "Polygon",
                "coordinates": [
                    [
                        [
                            152.27550555545702,
                            -30.356865704647152
                        ],
                        [
                            152.43630527260376,
                            -31.202889369611984
                        ],
                        [
                            153.43948519909935,
                            -31.063034877643737
                        ],
                        [
                            153.27108002922773,
                            -30.218207578171114
                        ],
                        [
                            152.27550555545702,
                            -30.356865704647152
                        ]
                    ]
                ]
            },
            "type": "Feature",
            "properties": {
                "region_code": "x48y20",
                "ix": 48,
                "iy": 20,
                "utc_offset": 10
            }
        },
        {
            "geometry": {
                "type": "Polygon",
                "coordinates": [
                    [
                        [
                            152.11719574664878,
                            -29.51124051909844
                        ],
                        [
                            152.27550555545702,
                            -30.356865704647152
                        ],
                        [
                            153.27108002922773,
                            -30.218207578171114
                        ],
                        [
                            153.10527592687205,
                            -29.373728275213946
                        ],
                        [
                            152.11719574664878,
                            -29.51124051909844
                        ]
                    ]
                ]
            },
            "type": "Feature",
            "properties": {
                "region_code": "x48y21",
                "ix": 48,
                "iy": 21,
                "utc_offset": 10
            }
        },
        {
            "geometry": {
                "type": "Polygon",
                "coordinates": [
                    [
                        [
                            151.96131893297962,
                            -28.665822068570467
                        ],
                        [
                            152.11719574664878,
                            -29.51124051909844
                        ],
                        [
                            153.10527592687205,
                            -29.373728275213946
                        ],
                        [
                            152.94201363828992,
                            -28.529407292714897
                        ],
                        [
                            151.96131893297962,
                            -28.665822068570467
                        ]
                    ]
                ]
            },
            "type": "Feature",
            "properties": {
                "region_code": "x48y22",
                "ix": 48,
                "iy": 22,
                "utc_offset": 10
            }
        },
        {
            "geometry": {
                "type": "Polygon",
                "coordinates": [
                    [
                        [
                            151.80781990826785,
                            -27.820423816180686
                        ],
                        [
                            151.96131893297962,
                            -28.665822068570467
                        ],
                        [
                            152.94201363828992,
                            -28.529407292714897
                        ],
                        [
                            152.78123567943973,
                            -27.685060004639624
                        ],
                        [
                            151.80781990826785,
                            -27.820423816180686
                        ]
                    ]
                ]
            },
            "type": "Feature",
            "properties": {
                "region_code": "x48y23",
                "ix": 48,
                "iy": 23,
                "utc_offset": 10
            }
        },
        {
            "geometry": {
                "type": "Polygon",
                "coordinates": [
                    [
                        [
                            153.10527592687205,
                            -29.373728275213946
                        ],
                        [
                            153.27108002922773,
                            -30.218207578171114
                        ],
                        [
                            154.2640537416657,
                            -30.07299109967067
                        ],
                        [
                            154.0908145881897,
                            -29.229703347453917
                        ],
                        [
                            153.10527592687205,
                            -29.373728275213946
                        ]
                    ]
                ]
            },
            "type": "Feature",
            "properties": {
                "region_code": "x49y21",
                "ix": 49,
                "iy": 21,
                "utc_offset": 10
            }
        },
        {
            "geometry": {
                "type": "Polygon",
                "coordinates": [
                    [
                        [
                            152.94201363828992,
                            -28.529407292714897
                        ],
                        [
                            153.10527592687205,
                            -29.373728275213946
                        ],
                        [
                            154.0908145881897,
                            -29.229703347453917
                        ],
                        [
                            153.9202242979141,
                            -28.386523642059846
                        ],
                        [
                            152.94201363828992,
                            -28.529407292714897
                        ]
                    ]
                ]
            },
            "type": "Feature",
            "properties": {
                "region_code": "x49y22",
                "ix": 49,
                "iy": 22,
                "utc_offset": 10
            }
        },
        {
            "geometry": {
                "type": "Polygon",
                "coordinates": [
                    [
                        [
                            152.78123567943973,
                            -27.685060004639624
                        ],
                        [
                            152.94201363828992,
                            -28.529407292714897
                        ],
                        [
                            153.9202242979141,
                            -28.386523642059846
                        ],
                        [
                            153.75222317387028,
                            -27.543269324023456
                        ],
                        [
                            152.78123567943973,
                            -27.685060004639624
                        ]
                    ]
                ]
            },
            "type": "Feature",
            "properties": {
                "region_code": "x49y23",
                "ix": 49,
                "iy": 23,
                "utc_offset": 10
            }
        }
    ]
}